{
  "none": {
    "train_losses": [
      2.04129308014384,
      1.918473254083533,
      1.8831393002091503,
      1.854028287985064,
      1.7917226277422944
    ],
    "val_losses": [
      1.91950848739207,
      1.8739649099261102,
      1.8405147467890093,
      1.8066851605223926,
      1.668316657547455
    ],
    "train_ppls": [
      7.700560205265933,
      6.810552544424327,
      6.574110608264352,
      6.385490377255962,
      5.9997789551572716
    ],
    "val_ppls": [
      6.817606705989365,
      6.514072977220238,
      6.2997802182003335,
      6.0902258140820065,
      5.303233121782135
    ]
  },
  "posenc": {
    "train_losses": [
      2.0426140530246344,
      1.9394284915133015,
      1.918922806756198,
      1.9075256189549386,
      1.8945452516357955
    ],
    "val_losses": [
      1.9357065032032656,
      1.9045511140191,
      1.8927687099330315,
      1.882339420070785,
      1.8693225366240334
    ],
    "train_ppls": [
      7.710739158044138,
      6.9547751216246745,
      6.813614934824319,
      6.736399739673015,
      6.649523856884266
    ],
    "val_ppls": [
      6.928937643147119,
      6.716392056625362,
      6.637721187520352,
      6.568854210285813,
      6.483902304690916
    ]
  },
  "residual": {
    "train_losses": [
      2.1848917151935203,
      2.063810624202998,
      2.0271536017223,
      2.0036506322354595,
      1.9830091976102373
    ],
    "val_losses": [
      2.0415529224180404,
      1.9971543596636865,
      1.9767238356306562,
      1.9560285711373906,
      1.9346192372315245
    ],
    "train_ppls": [
      8.8896858833355,
      7.875924890302256,
      7.592444451837271,
      7.416080122688472,
      7.264570655458885
    ],
    "val_ppls": [
      7.702561396328045,
      7.368059391555665,
      7.2190533953406195,
      7.071188504874212,
      6.921408139055949
    ]
  },
  "encoder": {
    "train_losses": [
      2.0967371977677547,
      2.0018717401637165,
      1.9576766655272833,
      1.905775345934916,
      1.7835744517899639
    ],
    "val_losses": [
      2.0058255248599584,
      1.9641196748689085,
      1.9125764155900606,
      1.835188513801944,
      1.6202918072327919
    ],
    "train_ppls": [
      8.13956873593668,
      7.4028994435334425,
      7.082852099691491,
      6.7246195132701505,
      5.951090331671835
    ],
    "val_ppls": [
      7.432226852987603,
      7.128634311166029,
      6.77050999427634,
      6.266315321023612,
      5.054565060026131
    ]
  }
}